{"products":[{"id":"0.8468762769100329","qty":5}],"totalPrice":49.959999999999994}